principal component 1,principal component 2,cluster,artist_name,track_name
-2.386884439228595,2.2221933779602407,3,Yellow Claw,Beastmode - Bellorum Remix
-1.588747542581018,0.8585968185115925,2,Wiz Khalifa,Let It Go - feat. Akon
-0.8229035632352347,-0.44949302839589544,4,Zac Brown Band,Remedy
-0.7673538619900759,-0.22120719088148325,4,OneRepublic,Start Again (feat. Logic)
-1.4980598287648506,-1.7903598891229775,4,Jidenna,Classic Man - Remix
0.17504736458970432,-0.9160089489747926,0,The Seeds,Mr. Farmer
0.801445537567319,-0.3210191226803533,0,Twenty One Pilots,Leave The City
-0.6046885031437441,0.09419534917969023,2,Abstract,Im Good (feat. Roze & Drumma Battalion)
-0.9199083540291261,-1.1746340335383278,4,Jimmy Durante,Black Strap Molasses - Remastered
2.720845986664225,-0.27741702840605326,1,Fazıl Say,"Say: Troy Sonata, Op. 78: III. Heroes of Troy"
1.5908457508214005,-0.4510640595573578,0,Johnny Cash,Bridge Over Troubled Water
-1.7286981528523444,-0.9513875835877124,4,Bart & Baker,J'ai rendez vous avec mon âme (feat. Clémentine)
3.734729464273935,3.2454566656765995,1,Anton Bruckner,"Symphony No. 8: IV. Finale. Feierlich, nicht schnell (Solemn, not fast)"
1.0102835906310448,-0.6912575514079646,0,Dean Martin,"Hey Brother, Pour The Wine"
1.4009942283819146,0.14823712099528577,0,Euge Groove,Rain Down On Me (feat. Peter White)
-0.8642771315407742,0.6838865198590703,2,Big Brother & The Holding Company,Farewell Song - Take 7
0.4009896456365788,-0.18479569729760886,0,Duskus,Find You
-0.28582575340919486,0.7253930160876297,2,Wale,The Body (feat. Jeremih)
-0.02500781840667785,-0.9888360248293191,0,David Holmes,Planting the Seed
-0.44835264920716217,-0.7277947511365771,0,Carnage,Toca (feat. Timmy Trumpet & KSHMR)
4.318897106384427,-0.16359632482779535,1,John Philip Sousa,Chris and the Wonderful Lamp (Excerpt Transcr. for Cornet & Wind Band)
-2.016467379178335,-1.4606530235385171,4,Blur,Song 2 - 2012 Remastered Version
-0.5990111867298292,-0.5908421752251218,4,Tortoise,The Equator
0.8361274763856806,-0.5122121086210286,0,Rachel Wammack,Damage
4.201826415238863,0.5356912899533524,1,Gregorio Allegri,"Miserere mei, Deus"
1.6410346447642863,0.516948256536357,0,Phoebe Bridgers,Funeral
-1.1553919116488591,-0.41748799771121015,4,Zeds Dead,Neck And Neck
-2.496302146325389,0.8256661680207094,2,The Crystal Method,Divided By Night
-0.7287091575830962,-0.6651353300073022,4,Kiana Ledé,Get In The Way
3.276275268792086,1.1841910582153186,1,London Philharmonic Orchestra,Ocean of Dreams 2 - Flute
-1.5384333006452697,0.5088710872319208,2,Mötley Crüe,Dr. Feelgood
-0.7193709885225221,-0.12036872933229065,2,Miranda Lambert,Old Sh!t
-0.014834073796225871,-2.200411838216729,0,Dr. John,Same Old Same Old
-0.4084651027426603,0.8118205233129155,2,Lit Lords,Swings
-2.68306273285637,-1.413669602957221,4,Jax Jones,Instruction (feat. Demi Lovato & Stefflon Don)
3.6540514061605,-0.07256460710697611,1,Brad Mehldau,Prelude To A Kiss
-0.3252206532488159,-1.9523781407125367,4,David Sanborn,Windmills of Your Mind
0.778076300169761,-0.4143350656583166,0,Bonobo,Ibrik
4.600589305115713,-0.13285429631917925,1,Johann Sebastian Bach,"The Well-Tempered Clavier, Book 1: Prelude and Fugue No. 1 in C Major, BWV 846: I. Prelude"
-0.9704591250530924,1.1799954398713837,2,Escape the Fate,My Apocalypse
3.70444908874142,-0.46905195749450984,1,Claude Debussy,"Préludes / Book 1, L.117: 1. Danseuses de Delphes"
3.255965632010365,-0.03105970499134278,1,Wolfgang Amadeus Mozart,"Concerto No. 3 in E-Flat Major, K.447: I. Allegro"
2.2566255309145444,2.3150538753276204,1,Pink Floyd,Us and Them
4.351565065539502,0.4071120013957703,1,Ruth Crawford Seeger,"String Quartet, ""1931"": III. Andante"
-1.272202094647442,-0.07442683554068528,2,Cole Swindell,Party Wasn't Over
-1.0125207834680399,0.17904062187024222,2,Red Hot Chili Peppers,Animal Bar
-0.08654766965525029,-0.660041891861121,0,Sasha,Smokemonk - Yotto Remix
2.677157557205,-0.5549278166503259,1,Jeffrey McFadden,The Rider
-1.2117150615557697,0.07926718735477838,2,Newsboys,The King Is Coming
1.7736338632100068,0.3053975361460483,0,James Tillman,Casual Encounters
-1.1928468016001996,0.3409024705412947,2,Yung Lean,Smirnoff Ice
-0.7927680107890298,0.6249321738870925,2,Flying Lotus,Mages Sages - Instrumental
-1.5344454973867288,-0.49715124377638004,4,Kodak Black,Corrlinks and JPay
0.8756268213693098,0.8205802979703664,0,Natureboy Flako,From the Shadows
-2.0519636670281107,-1.6076852303289353,4,Toro y Moi,Ordinary Pleasure
4.765387177959665,0.25834181607005474,1,Jean-Yves Thibaudet,"End Credits - From ""Pride & Prejudice"" Soundtrack"
1.4901171343285948,0.11882422603917249,0,GoGo Penguin,Hopopono
2.6466536538558074,-0.05827763970855959,1,Heitor Villa-Lobos,String Quartet No. 5: I. Poco Andantino - Un poco vivo - Tempo Primo - Lento - Allegro vivace - Vivo - Presto
4.430492282459788,-1.1036225977232197,1,Max Reger,"Lose Blaetter, Op. 13: XII. Choral"
-1.9787878411297177,1.6099725068533395,2,The Dead Weather,Looking at the Invisible Man
-0.26377437007498966,-0.746889128465725,0,Grandtheft,All The Way Up (feat. Lia Ices & Brasstracks)
-2.033418471049436,-0.47450725641291375,4,Mike WiLL Made-It,Watching Me (with Rae Sremmurd & Kodak Black)
-0.855976826925058,-0.9526201335591137,4,Ross Ellis,Ghosts
1.3750248026179326,2.8422173562556194,3,Emmylou Harris,The Magdalene Laundries - Live
-1.140141478884088,-0.5010177038132125,4,RAC,Heartbreak Summer
5.044469314168934,-0.5109549950658724,1,Frédéric Chopin,"Waltz in A Minor, B. 150, Op. posth."
0.357563866180238,-1.5593793509259397,0,Atlanta Rhythm Section,So Into You
-1.889790805020197,-0.21596168874898836,4,Migos,Culture (feat. DJ Khaled)
-1.3146765856813032,-1.546279601968658,4,Chuck Berry,Dutchman
-0.016701498568321867,-1.0839902978054476,0,Miles Davis,Move - Remastered
3.05137150756187,-0.31022419993383304,1,Jacques Loussier Trio,"協奏曲第2番ト短調「夏」: Gymnopédie No. 1, Variation 1 (Arr. for Jazz Trio)"
-0.9491852399157618,-1.6738458262441929,4,Mary Wells,Keep Me In Suspense
-0.5163105639017339,0.8536084610653928,2,Kelsey Lu,Due West - Skrillex Remix
0.3553185408290809,-0.4120330326998626,0,Bonnie Raitt,All Alone With Something To Say
-1.268718463125835,-0.4004240805034918,4,LOCASH,I Know Somebody
4.154873373466542,0.2816912309480226,1,Sergei Rachmaninoff,"Prelude in G-Sharp Minor, Op. 32"
3.821582487393056,0.22303204256074316,1,Pyotr Ilyich Tchaikovsky,"The Nutcracker - Ballet, Op.71, Act II: No. 11 - Clara and the Prince"
-0.4538421595448715,-0.12229303778161499,0,shinigami,Rnrn
0.4366216486490071,-0.3047409343609396,0,The Black Keys,Unknown Brother
-2.0456562972432812,0.48853491170622443,2,My Darkest Days,Porn Star Dancing - Bonus Track
-1.5395158969966618,-0.11023439331941035,4,Chace,Stranger
-0.6726651497092238,0.0787798687820075,2,"quickly, quickly",Blingblingbling
-0.893090659432114,3.9725045039778513,3,Gary Clark Jr.,Bright Lights - Live
-3.056864399636214,1.4283834571629284,2,Boosie Badazz,Smoking On Purple (feat. Webbie)
0.9211930843448277,-0.24615496738395332,0,Digitalism,Utopia - Joris Voorn Remix
0.675066351716623,0.1637877407473778,0,"Harry Connick, Jr.",The Way You Look Tonight
-2.4260724969349923,0.7609762923751319,2,G Jones,Soundtrack to the Machine
-2.376904677920079,-0.06961072228893518,4,Eminem,Amityville
-1.43870183502284,5.283107983460741,3,Justice,Phantom Part 2 - Live Version
-1.9735890366687516,-0.4446185496228353,4,BABYMETAL,Gimme Chocolate!!
4.021159874976181,0.5674172828102483,1,Florent Schmitt,"Symphonie concertante, Op. 82: II. Lent"
-2.054488430525229,-0.4585587529974256,4,MGMT,TSLAMP
0.46332440544927905,0.8987265011029827,0,Nazareth,Love Hurts
-0.3056644134027245,-1.2442438851238273,0,Jean Carn,Don't Let It Go to Your Head
-1.647093612981779,1.9380726978113818,3,T. Rex,Rock On
-1.0673141678393785,0.2948295293496681,2,Black Rebel Motorcycle Club,Spread Your Love
1.6925461771225019,0.19161258759546998,0,Hillsong UNITED,Prince Of Peace - Live
0.27558845885223016,4.004930782918613,3,Jason Isbell and the 400 Unit,Cover Me Up - Live
0.12271455926207221,-1.1153428368787501,0,Meat Loaf,Two Out of Three Ain't Bad
0.06709494449343054,-1.9889711488534327,0,Billie Holiday,A Sailboat In the Moonlight
-1.8191331442382042,-0.1415570966988669,4,Charlie Farley,Concrete Dreams (feat. Cody Davis)
3.2254726738040422,-0.6334086605395769,1,Giovanni Battista Sammartini,III. Menuetto
-1.5438340625448874,-0.13585515023009598,4,Tay-K,I <3 My Choppa
3.8325500777274426,0.45504396329780045,1,Jóhann Jóhannsson,Horns of Abraxas
1.198864389673374,-0.9309412774814039,0,Norah Jones,Toes
1.1780175572718776,-0.8221432309619031,0,keshi,magnolia
2.8954919075822416,1.4279653568415038,1,Wolfgang Amadeus Mozart,"La clemenza di Tito, K. 621, Act I: Overture"
-0.938063507029618,0.2896747188598854,2,Travis Scott,Nightcrawler (feat. Swae Lee & Chief Keef)
2.4482604309940683,-0.02190398025371141,1,Wolfgang Amadeus Mozart,"Piano Concerto No. 12 in A Major, K. 414 (Version for Piano & String Quintet): III. Rondeau. Allegretto"
-1.583159791872306,-1.374757831518555,4,Jamiroquai,Summer Girl
-1.8557405663802682,-0.0684877683913014,4,Jackyl,Down On Me
-0.22928722680640182,0.1265220362716231,0,Logic,Slave II
-2.4435737545751737,-0.3012944318085192,4,Upchurch,Keep It Country (feat. Bubba Sparxxx)
0.7596581522630271,0.00045817732354483663,0,Dawes,When My Time Comes
-0.5452110117401725,0.3565537604325735,2,Jack White,Take Me With You When You Go
-2.314314291925391,0.3385516479143836,2,Moneybagg Yo,Curry Jersey (feat. YG)
-0.8778539670308738,-0.6463415983013266,4,The White Stripes,Ball And Biscuit
-0.1673737913751986,-1.9333815200065343,0,Old Dominion,Written in the Sand
-0.4151432900518155,-0.03931827841214361,0,Bluestaeb,Yap
-1.0747926145361961,1.0864249417355214,2,Evanescence,Imaginary
-2.242230892101759,0.6170884448489957,2,Brad Paisley,Santa Looked a Lot Like Daddy
0.8760084796982178,-0.952469116905012,0,Duke Ellington,Stevie
0.9768953411678042,0.185793538957397,0,Nicolas Jaar,No
-2.1725601593712387,-0.8725467154879121,4,Foster The People,Don't Stop (Color on the Walls)
-0.22347836285359507,-1.3869690853393428,0,Brian Tarquin,Freeway Jam
0.9500580118738213,-0.5448657653696746,0,Pearl Jam,Future Days
1.6492394642191457,-1.061695384701825,0,Gábor Szabó,San Franciscan Nights
-1.0568760745381987,-0.4739962188640363,4,Gov't Mule,Blind Man In The Dark
-2.338205968239399,-0.9527707911265078,4,Caravan Palace,The Dirty Side of the Street
-1.0251558468571718,0.09131518777587247,2,Bent,Moonbeams
-1.8633456524198353,-0.08664401428045247,4,Jason Aldean,I Use What I Got
4.1032057042229715,-0.4528637709210475,1,Nobuo Uematsu,Encore: Final Fantasy X (Suteki da ne)
-1.7505895682668706,-0.42294936825229484,4,George Strait,The Big One
-1.8095248602344325,0.7946260608771385,2,The Avalanches,Frontier Psychiatrist
1.1605874206762814,-0.6151847112997869,0,Devin Dawson,Dark Horse - Songs in the Key of F - Live
-1.8572602106483824,0.6441182972620753,2,Aphex Twin,Windowlicker
3.6987375249889918,1.9608966557722494,1,Nikolai Rimsky-Korsakov,"Rimsky Korsakov: Scheherazade, Op. 35: II. The Story of the Kalender Prince (Opening)"
-2.4530185608660147,1.4453082705121694,2,Air,Modulor Mix - DJ Cam no Protection Remix
3.299465123707376,0.34902222315414183,1,Giacomo Puccini,"La Bohème, Act I: O soave fanciulla (Rodolfo/Marcello/Mimì)"
-1.865357426337798,2.6165846448649837,3,In This Moment,Big Bad Wolf
0.6553788682141666,0.06507776912175105,0,Thievery Corporation,Where It All Starts
-0.5972246917825533,-1.3121204562593527,4,Johnnie Taylor,Who's Making Love
-2.559671891977727,2.596424210781417,3,Weezer,Feels Like Summer
-0.308364251943317,-2.3241280578572594,4,Tito Gomez,Dejala
-0.51589181215997,0.6635145231456416,2,The Jayhawks,Blue
-0.9899630429954408,-1.1598897121486842,4,Gorillaz,O Green World
-1.2673905712014892,0.8781028017500901,2,Death Grips,The Fever (Aye Aye)
-0.827091546991838,-0.20125767007511217,4,Vincent Ingala,Groovin' U (feat. Gregg Karukas)
0.31449029411738916,-0.607583215509211,0,Blues Saraceno,The Devil Never Sleeps
-1.990465267075623,2.362034349666039,3,Kevin Gates,Me Too
-1.6570493951053942,-0.8768460685102009,4,The White Stripes,Screwdriver
-1.141118828446294,-1.9591434650758857,4,Héctor Lavoe,El Dia De Suerte
-1.8371108012496966,0.4157796986404481,2,Brillz,Rvtchet Bitch - Milo & Otis Remix
0.8587730790702367,-0.5822712149566459,0,Aphex Twin,Kladfvgbung Mischk
-0.6492038794064471,0.9954750103284826,2,Bullet For My Valentine,Hearts Burst into Fire
-0.17736221924910492,3.7918744796605597,3,Passion,Jesus Paid It All
-0.09322373497946033,-2.2352186334391417,0,J.J. Cale,Devil In Disguise
-1.5190805350937278,0.10654024898525673,2,Foals,Mountain At My Gates
0.18290347455231407,0.5984653548388211,0,Tory Lanez,In For It
-1.794430745976744,3.6907890505669427,3,JID,Frequency Change
-2.039696258228324,0.5707836534644846,2,Cage The Elephant,It's Just Forever (feat. Alison Mosshart)
-2.3986014450621322,0.2082160027802084,2,Parmalee,Hotdamalama
-2.6892751887245088,0.5875271008816603,2,Krizz Kaliko,Kill Shit
0.10821058549541154,3.5721002937573703,3,Sugarland,Come On Get Higher - Live
2.9394807762684865,-1.7863143298171533,1,Cafe Jazz Deluxe,Gifted Melody
2.772404760751133,0.39716183267830824,1,Robert Schumann,"Symphony No. 2 in C Major, Op. 61: II. Scherzo. Allegro vivace (Live)"
-1.5128657725822665,-1.0026373482593254,4,The Doobie Brothers,China Grove
3.2555033773084827,0.6863087926733842,1,Franz von Suppé,Light Cavalry Overture
-1.2676271707258537,-0.03259748683981744,2,Blues Saraceno,Heroes Dress in Black
-1.575533255237651,-0.9493769793983503,4,Speaker Knockerz,Erica Kane
-1.3048352319787726,-0.11995642104224596,4,A$AP Mob,London Town
2.559865769515847,-0.38544300183429037,1,Billie Holiday,I Cover The Waterfront
-1.2210317261665304,-0.7300808814457462,4,K CAMP,FWYB
-0.9085893607529252,-1.9448241832721662,4,The Oak Ridge Boys,Come On In (You Did The Best You Could Do)
-2.1894616239448026,0.9801236522823572,2,Kill The Noise,Shake the Ground
-1.3473734186121307,-0.9847666748003643,4,Off The Meds,Currency Low
-1.551640418822393,0.3126008239794155,2,Slaughterhouse,Psychopath Killer
-1.463695982232195,-0.33609128464092486,4,Upchurch,Shoot the Moon (feat. Bb Swing)
4.475019849544296,-0.010364431713877091,1,Pyotr Ilyich Tchaikovsky,Violin Concerto In D Opus 35: II Canzonetta - Andante
-1.7520372107136482,-0.6540071186060661,4,Linkin Park,A LIGHT THAT NEVER COMES
2.370640639422701,-0.9395361019423323,1,Ry Cooder,La luna en tu mirada
-1.4133630330914289,0.14918488023988044,2,Switchfoot,Live It Well
-1.2279912863138065,-1.1902545932438118,4,The Who,Happy Jack
-1.5533112999593155,0.4238079864897901,2,Randy Rogers Band,Too Late For Goodbye
-1.2082029006312127,-0.7423570207752956,4,The Strokes,Threat of Joy
5.489503393327963,-0.36815316881763316,1,Franz Liszt,"Via Crucis, S. 53: Station XIII. Jesus wird vom Kreuz genommen"
-0.746490033255268,-0.44525129009062997,4,Sonora Ponceña,De Que Callada Manera
-0.4393027125175485,-0.2723286863904341,0,The White Stripes,Icky Thump
-0.5554987591942716,-0.9189371888160272,4,Kid Quill,Small Talk
-1.6922297359371994,0.0018193650311316724,2,Upchurch,C.H.E.a.T.H.a.M.
-1.1883818940929405,-1.9411146382151532,4,El Gran Combo De Puerto Rico,Achilipú
0.22821340609540072,0.05801122787902213,0,MARINA,Handmade Heaven
-1.5966668018604961,-2.097987905395682,4,Noel Torres,El Comando del Diablo
2.209528839535122,-0.06078117749042773,1,Jefferson Airplane,Embryonic Journey
0.19731168374312918,0.09294661509237548,0,Mastodon,Stairway to Heaven
-1.2222770934673535,-0.4683689689073706,4,The Band Perry,Postcard From Paris
-1.7761825480394025,-1.1571914587014727,4,YFN Lucci,Live That Life (feat. Garren)
0.7752827482252066,0.452830274624003,0,Massive Attack,Sly
-1.9645412221926433,0.4815120999883983,2,Liquid Stranger,Go Commando
-2.0244961995337585,-0.8973708286852056,4,Ludacris,Pimpin' All Over The World
-0.30618334751886844,-0.3607323230005059,0,Pete Rock,Smooth Sailing
-0.8627772024990983,-0.31467172071329325,4,Nas,Take It In Blood
-0.730138129281934,-0.9251657671202931,4,Kip Moore,Crazy One More Time
4.836392430960174,0.48291201369126757,1,Wilhelm Stenhammar,"Sången, Op. 44: The Song: Interlude"
2.2627542862492858,-0.6481055591023379,1,Academy of St. Martin in the Fields,"Te Deum, H.146 (1989 Digital Remaster): Te aeternum Patrem"
2.9000980360188926,-1.026063501491694,1,Jan Johansson,Visa från Utanmyra
0.2763445427833081,0.9718301904186221,0,Wayne Shorter,Valse Triste - Rudy Van Gelder Edition/Digital Remaster/2007
0.9340754655480631,-0.9075914359392984,0,Little Feat,One Love Stand
2.7919316825665534,-0.10980021805940222,1,Mieczysław Weinberg,Rhapsody on Moldavian Themes Op. 47 No. 3
5.472926251913893,0.25440369595838597,1,Giacomo Puccini,"Madame Butterfly, SC 74, Act 2: ""Coro a bocca chiusa"" (Humming Chorus)"
-1.536320372043352,0.4940976131527033,2,Metric,Help I'm Alive
-0.9787275835921578,0.5696816876195085,2,The Jon Spencer Blues Explosion,Very Rare
-2.0710610000103014,-0.3254407976667088,4,Disturbed,The Game
-1.0593315503192322,-1.2433745509510299,4,Trisha Yearwood,That's What I Like About You
-1.1144908600334187,1.8130691466482312,3,The Walkmen,The Rat
-1.280264336975559,-0.42212740861547293,4,Lake Street Dive,Good Kisser
-1.5343987269668693,1.3820649944643033,2,Franklin Embry,Fifty
1.8429626290468397,1.1124678375819537,1,Radiohead,Spectre
-0.9286028800851915,0.3742439836579976,2,Matt Maeson,Tribulation
1.8729115300006594,-0.5209752502204809,0,J. Cole,Interlude
-1.1299593260621859,0.21956687826078794,2,Creed,My Own Prison
-1.8205402996115398,1.2727271414840462,2,Royal Tusk,Aftermath
-1.6005522141703408,-1.0170047028815454,4,SAINt JHN,Traci Lords
-2.3570203641265874,1.0097814575269126,2,Bassnectar,Speakerbox (feat. Lafa Taylor)
2.6783269524209827,1.5220209380269656,1,Tim Hecker,Boreal Kiss Pt. 1
0.6218598953944574,0.3608431439927246,0,John Conlee,Lady Lay Down
-1.7559972626932052,-1.5298386740493726,4,The California Honeydrops,One of Those People
-1.4752745998297543,-1.3369961065605431,4,Jerry Garcia,Let It Rock
-2.400105699341813,-0.12784574225567805,4,Bassnectar,Don't Hate The 808 (G Jones Remix)
0.6922937842282538,-0.46712097725014934,0,"Tyler, The Creator","FIND YOUR WINGS (feat. Roy Ayers, Sydney Bennett & Kali Uchis)"
-1.5009148240751304,0.8833970176704795,2,Europe,Rock the Night
-1.5642966626752957,-0.1854805218094842,4,Cole Swindell,You've Got My Number
0.10580787782170444,-1.2787137578860313,0,Metronomy,The Look
1.3133476952529715,-0.3047374223413691,0,Röyksopp,Silver Cruiser
1.0441550831653985,0.19521612142831687,0,Buffalo Springfield,Bluebird
-0.35702591961100866,0.366932585533721,2,Sir Sly,Astronaut
2.8809756686807426,-0.2617623420706158,1,The Beegie Adair Trio,Polka Dots And Moonbeams
-1.5286587940958056,-0.6977075652053927,4,Liquid Stranger,Don't Stop
-2.108195252646013,-0.38790429359425216,4,Baby Rasta & Gringo,Me Niegas
1.0136814554355436,-0.9118053249691557,0,Jimmy Dawkins,Kold Actions
4.165743243447965,0.7964683629421428,1,Pyotr Ilyich Tchaikovsky,"String Quartet No. 1 in D Major, Op. 11: II. Andante cantabile"
-1.488063320311806,-0.40848015670581705,4,Generationals,Catahoula Man
-1.6766866680001042,0.35393754579445147,2,Craig Morgan,More Trucks Than Cars
-1.7723912559158181,-0.39451534910997094,4,Luke Bryan,Play It Again
-1.2594925450066885,1.8358893097488274,3,The Raconteurs,Don't Bother Me
-0.3824028742936121,0.27326613453699244,2,Joe Nichols,Billy Graham's Bible
-2.0216738677117276,0.0011119206883697247,4,Struggle Jennings,Crazy (feat. Waylon Jennings)
-0.41056260967323827,-1.9242834322895626,4,Magic City Hippies,Limestone
-1.2271709747801929,0.89881264694315,2,Adventure Club,Need Your Heart (Minnesota Remix) [feat. Kai]
0.42141692957053306,3.350448551784134,3,Jamey Johnson,Four Walls Of Raiford - Live
-2.1865095939074792,0.7930049794576318,2,Travis Tritt,Put Some Drive In Your Country
-0.966549430871396,-0.5472117292721668,4,50 Cent,Too Rich For The Bitch
-1.5275925067573064,-1.5641770836215139,4,Talking Heads,Psycho Killer - 2005 Remastered Version
-1.4684064885995047,-1.064022017971879,4,Joe Bonamassa,Mountain Climbing
-1.3442440283043877,0.2343150408657534,2,Shinedown,Black Cadillac
-1.2504155937992043,1.1269136196578105,2,Waka Flocka Flame,"War (feat. DJ Whoo Kid, Neon Dreams & Stokes)"
-1.669828387790651,-0.48509009285052285,4,Jason Michael Carroll,Livin' Our Love Song
0.10973381030850085,-0.3871284035458471,0,Sid Phillips,Boogie Man
4.2300251837888405,0.12749226354258575,1,Jóhann Jóhannsson,A Spacetime Singularity
-1.6854151894829854,-1.072530868537874,4,Spillage Village,Voodoo
-1.9162568094689865,-0.2324929235720118,4,Queens of the Stone Age,"You Think I Ain't Worth A Dollar, But I Feel Like A Millionaire - With Out Interlude"
-2.5027451632097426,-0.33558324010548773,4,Aleman,Rucón
-1.6355690141801908,-0.5293769390284291,4,Thompson Square,A Love Like This
-0.724118465774377,-0.03129475304609536,2,Chris Young,Goodbye
2.8189275208654943,-0.55342820245147,1,Terry Riley,Sunrise of the Planetary Dream Collector
2.1125874486291223,2.383583845102826,1,Wolfgang Amadeus Mozart,"Divertimento No. 10 in F Major, K. 247: VI. Andante - Allegro assai"
-2.215243650353487,0.967291074835257,2,The Intruders,I'll Always Love My Mama
-0.7626631852928618,0.8379122791405411,2,Casting Crowns,"Jesus, Friend Of Sinners"
-0.41885629684390036,0.4753374590982549,2,Incubus,Here in My Room
0.9410589540102501,-1.2911139150239488,0,Sonny Clark,Sonny's Crip
2.5913615275562583,-0.5427764165206739,1,Carl Philipp Emanuel Bach,"Cello Concerto No. 3 in A Major, Wq. 172: III. Allegro assai"
0.8534961754630657,2.626437625685375,3,The Prodigy,Omen Reprise - Live
3.564225204750847,0.10644640043641876,1,Ludwig van Beethoven,"Beethoven : Piano Concerto No.5 in E flat Major Op.73, 'Emperor' : I Allegro"
4.1798316883499576,0.48359593303445503,1,Karol Szymanowski,"Symphony No. 4, Op.60 'Sinfonia Concertante': Andante molto sostenuto"
-1.3643425736596537,1.5455614883236841,2,Bullet For My Valentine,Leap Of Faith
0.5859370520843251,0.19482199156372507,0,Poco,Crazy Love
-0.869407472920583,-0.7902042343227311,4,Yellow Claw,Dog Off - ETC!ETC! Remix
-1.2435459236712658,-0.05680480052608884,2,Loverboy,Lovin' Every Minute of It
0.7711562386399285,0.4464035988569627,0,Uncle Tupelo,Sandusky
-2.1770005590492354,2.2271920297534926,3,Eminem,Seduction
-1.577655691345244,-0.20150795630310683,4,The Parlor Mob,Hard Times
-1.7937172217108523,-1.6100331188373194,4,The Prodigy,Fire (Sunrise Version)
0.060211686348146685,1.6191321558069176,2,HOMESHAKE,Give It to Me
2.306513272827553,0.9311056028040013,1,Wolfgang Amadeus Mozart,"La clemenza di Tito, K. 621, Act I: Amico, ecco il momento"
3.581791241819023,1.6824856873599798,1,Max Bruch,"Kol Nidrei, Op. 47"
-0.9113674654166912,-0.959661717418955,4,Toco,Outro Lugar
-0.7980288155851972,-0.05740578939655296,2,Michael Franks,Jive
-2.7235967345296634,1.7673070488039109,3,SLANDER,Welcome To The Fire - MONXX Remix
2.428515437476115,-1.586116305439944,1,Pyotr Ilyich Tchaikovsky,"Nutcracker Suite, Op.71a, TH.35: Chinese Dance (Tea)"
0.8089534223818381,0.4742057904489267,0,Lifehouse,Everything
-1.2821909129233249,-0.3881338016035811,4,Empire of the Sun,Alive
-0.2602735265002459,0.3416918522775462,2,Kings of Leon,Over
-1.0423778978260458,-0.9984896952343479,4,Bo Diddley,Bo Diddley
1.4703033019816276,0.19286689088457235,0,Daft Punk,Touch
3.7817980757481373,0.2388152302956826,1,Ludwig van Beethoven,"Missa solemnis, Op. 123: Agnus Dei. Adagio (Live)"
0.5695931674492046,-1.0868254616112512,0,Loretta Lynn,Coal Miner's Daughter - Single Version
1.1941115367700845,-0.5253279887234167,0,Dianne Reeves,Feeling Of Jazz
-1.4716597985746973,0.3351384502556828,2,Anberlin,Feel Good Drag
-0.5298767718444263,1.0446603983937495,2,Phish,Tweezer - Reprise
-2.258505397780063,-0.4680759648108395,4,Smokepurpp,Sauce Like This
-0.30820547509340285,-1.4541133485476412,0,Les McCann,Burnin' Coal
1.6086427994983667,-0.8601229615580058,0,Emancipator,Periscope Up
4.947096276253711,-0.5895362812659274,1,Ludwig van Beethoven,"Diabelli Variations, Op. 120: Variation 30. Andante, sempre cantabile"
-1.0993368033400404,0.14179439282241885,2,Crowder,My Victory
-1.197321794287998,-1.439360106574248,4,Pretty Ricky,Your Body
-0.08333214701687801,2.4079568499390156,3,Bonobo,Animals
-2.2231299833549105,1.0242726764087682,2,Jauz,Higher - Crankdat Remix
-1.6693955847873876,-0.7592686165694016,4,The Maine,Right Girl
-1.857810651632463,0.8532333738302318,2,Five Finger Death Punch,Wrong Side of Heaven
-2.0448371233560168,-0.11407087699023238,4,Adelitas Way,What It Takes
-0.8928796749355156,1.1761175633125787,2,Paul Oakenfold,Ready Steady Go! - Beatman & Ludmilla Radio Edit
0.1841477308133347,0.3534793466646376,0,Rob Dougan,Clubbed To Death 2
-0.22588185795374335,0.004993215740722206,0,Alan Jackson,Home
-0.9379158730251376,0.1713464035647199,2,Zac Brown Band,Trying To Drive
-0.2599255468101329,-0.43680350628344694,0,Steely Dan,Charlie Freak
-2.2591007911305367,-1.2097517886294078,4,Eminem,Rhyme Or Reason
1.5237435940457424,-0.5025667151796414,0,Danielle Bradbery,Slow Burn - Yours Truly: 2018
0.9560579881837692,-2.4056814768153334,0,Django Reinhardt,Honeysuckle Rose
0.5101100963007789,0.6871706762879581,0,Casting Crowns,Oh My Soul
3.3598456137125203,0.05305231716022865,1,Wolfgang Amadeus Mozart,"Piano Sonata No. 12 in F Major, K. 332: I. Allegro"
0.8476891106635,-0.03867333405817843,0,Zero 7,Warm Sound
-0.38156618250098345,0.36197677854962584,2,Brillz,Callisto
-1.3888381321357806,1.5592940818006036,2,Queensrÿche,Queen Of The Reich - Remastered
0.18150338818913767,-0.7776229612535168,0,Polynation,Tikken
3.0517300325474555,0.5477421527002403,1,Gustav Mahler,Symphony No. 6 in A Minor: 4. Finale (Allegro moderato)
-0.1630376705953373,0.015687766062377158,0,Joji,YEAH RIGHT
-0.8261687573594926,-0.5060902722494764,4,Lynyrd Skynyrd,If I'm Wrong - Shade Tree Demo
-1.669828387790651,-0.48509009285052285,4,Jason Michael Carroll,Livin' Our Love Song
2.409948734222296,-0.653275666327407,1,Bob Brozman,Lei 'Awapuhi
-1.6493620485855607,0.6128914857303946,2,Oscar Jerome,Misty Head / Sunny Street
-0.6084848050199566,-0.07794166789401101,2,Rhett Walker,Believer
-2.1434892323909107,1.1438558080214878,2,Hatebreed,Looking Down The Barrel Of Today
0.7771860709947661,0.60217300620906,0,Joomanji,Spread Too Thin (feat. Lindsay Olsen)
-1.8308179453193818,-0.23137013122900668,4,Point Point,Morning BJ
-1.0431609703974074,-2.047152580652671,4,Emapea,Special Update
-1.8424705904932235,-1.162863042705326,4,Wynonna,Tell Me Why
-1.8063800176895213,-1.1267889213375657,4,Gwen Stefani,The Sweet Escape
-1.1195448839725943,-0.25443991840199176,4,Birocratic,Shakedown
-0.9322571715888508,-0.7465877400000316,4,Yandel,Te Amare
2.3221974203102884,-0.26709469496327304,1,Richard Elliott,Steppin-Stone
0.32343619389138695,-0.3684063931370016,0,Vern Gosdin,"Dim Lights, Thick Smoke (And Loud, Loud Music)"
0.41679769177378073,-0.6786713164886966,0,Chris Cagle,Look At What I've Done
1.010199417204667,-0.20689781484816636,0,Leonard Bernstein,West Side Story: Act I: Intermission Music
4.470196812792583,0.6345386444588752,1,Johannes Brahms,"Symphony No.3 in F, Op. 90 : 3. Poco allegretto"
-1.7705932175576855,0.0061206209525461975,2,Earl Sweatshirt,Molasses
3.742235345894599,0.3552774319104313,1,Frédéric Chopin,Nocturne No.20 In C Sharp Minor
-1.962996634053592,0.5098135936305505,2,Simple Plan,Shut Up!
0.07067492016427424,0.9373548302307453,2,Morphine,You Speak My Language
-0.8225235692973208,2.255208917474984,3,The Byrds,You Ain't Goin' Nowhere
-0.19748808459677486,0.25449560883919725,0,Röyksopp,The Fear
2.091562589293826,-1.6004836897001338,0,"Clarence ""Gatemouth"" Brown",Long Way Home
-2.080540359673823,-0.8945358227274539,4,Dirt Monkey,Beef
1.3842289227044235,-0.6126543081468254,0,Katie Melua,If You Were A Sailboat
-1.119116769871595,0.34851325756991997,2,Crucifix,Sidewayz
0.03806434542591678,-0.026693036843474065,0,Elias Dummer,Enough - Radio Version
4.672805882555508,0.34842827665842674,1,Ludwig van Beethoven,"Piano Concerto No.3 In C Minor, Op.37: 2. Largo - Live"
-0.6136645470358131,0.27246625117902323,2,Kenny Wayne Shepherd,Gravity
0.5109521584910415,-0.2220656113093153,0,Blue States,Metro Sound
-1.740012831393339,0.917195815899938,2,Can't Swim,Your Clothes
1.4468722567172696,1.3217546502820514,0,George Frideric Handel,"Rinaldo, HWV 7a, Act I (Ed. G. Sechi): Già per la mia grand'arte [Live]"
-1.9428408182805517,0.15778157525710748,2,Billy Idol,White Wedding (Parts 1 And 2) - Shotgun Mix / 24-Bit Digitally Remastered 2001
4.26117758142276,0.3441392090822484,1,Edward Elgar,"Variations on an Original Theme, Op. 36 'Enigma': Variation VIII. Allegretto ""W.N."""
3.7680958389644896,0.2873208741434132,1,Johann Sebastian Bach,"Cantata ""Christ lag in Todesbanden"", BWV 4: 2. Versus 2: Duetto (Soprano, Alto)"
-1.5979547960971787,-1.3053774410485575,4,Iration,Time Bomb
3.987138886645723,0.7538818263734156,1,Sergei Prokofiev,"Peter and the Wolf, Op. 67: The Duck"
-1.940886610488105,0.00039599063748016553,4,Gorillaz,Plastic Beach (feat. Mick Jones and Paul Simonon)
-0.44244550776916247,0.6516537694779876,2,Audioslave,The Last Remaining Light
1.481310079556562,-0.32339467847970643,0,Mighty Sam McClain,When the Hurt Is Over
-2.1940872452450577,-1.1810684495328077,4,"Albert Hammond, Jr.",Fast Times
-2.4731645796520474,-1.0682977737167028,4,Lloyd,Get It Shawty - Main
-1.6493804384956787,-1.1876606343135212,4,Phish,Blaze On
4.569246002278781,0.49450415185633023,1,Samuel Barber,"Cello Concerto, Op. 22: II. Andante sostenuto"
-0.7438043686389518,1.083423250865704,2,Moby,Extreme Ways (Bourne's Legacy) - Original Version
-0.1042931057903916,0.1092259969334685,0,Mndsgn,Chowdr
3.2861205552363653,-0.3676478233258938,1,Peter Schmalfuss,"Variations for Piano on ""Ah, Vous dirai-je Maman"" (Twinkle, Twinkle Little Star), K. 265"
1.1787038039952522,-0.9460836213447145,0,Ornette Coleman,Broad Way Blues
-1.466243172057138,0.896532905963117,2,Aminé,Veggies
-1.9291973274255945,-0.43955382281175015,4,Upchurch,American Grown
-1.0956884763797514,-1.085611201222827,4,South Park Mexican,I Must Be High
-1.228003088667943,1.021060113216463,2,KRANE,Momentum
1.0566147204248026,-1.0825465110764956,0,Paul Desmond,Samba Cantina
-0.3596319580850324,1.4475973194940435,2,Alice Cooper,Might As Well Be On Mars
-1.7215844771983804,3.394054152697559,3,Phish,Possum
-1.711587821540738,-1.2681934385641471,4,The Juju Orchestra,Do It Again feat. Carolyn Leonhart & Robert Smith
0.9841177377580449,-1.2988638917286972,0,Dean Martin,On The Street Where You Live - Remastered
-1.6458889933849248,0.0967218982696596,2,Thin Lizzy,Get out of Here
-0.8189103722648184,-0.9496604187067466,4,Jacquees,B.E.D. - Remix
-1.8212852791529703,-0.7278117222036513,4,Pop Evil,Deal with the Devil
-1.4818776683953665,-1.3895324529385724,4,Seth Ennis,Look At You
0.4117841622011065,-0.009987737016255025,0,Anita Baker,Body and Soul - Radio Edit
-1.1359848743591239,0.1709282604525737,2,Shoreline Mafia,Straight Drop
3.9229720181103147,-0.33801160068621616,1,Johann Sebastian Bach,"Goldberg Variations, BWV 988: Variation 25 a 2 Clav. - Remastered"
1.095647203267466,0.4303815530155694,0,Zero 7,Morning Song
0.11283672619197502,-0.42599414797567275,0,Cage The Elephant,Trouble
-1.3170609738556718,0.7946641454771346,2,The Menzingers,Tellin' Lies
-1.4124213334576696,1.1921692342966987,2,Dead Kennedys,Holiday in Cambodia
-2.6563958378647907,1.405469086930538,2,Eminem,Guilty Conscience
3.609279311422855,0.7968594030231394,1,Marin Marais,Suite in G major: Prélude - lentement
0.31089130485401884,-1.5856718044980465,0,Nightmares On Wax,Morse
-0.06406337060733737,-0.34965263587872486,0,The Marcus King Band,Goodbye Carolina - Extended Version
0.19211998014459203,-0.6212441427382979,0,Twang and Round,Here Kitty Kitty
-1.7440509175480363,-2.317693405188365,4,Louie Austen,Hoping (Herbert's High Dub)
-0.3458207235658799,0.3433941737485684,2,Todd Terje,"Swing Star, Pt. 1"
-0.827719457782547,0.9364062232843041,2,Duskus,Temple
-0.8236228811590165,-0.5362909852664466,4,Ladytron,Discotraxx
-0.005740695368510601,1.215930344320391,2,Nirvana,"Endless, Nameless"
-0.3654657185722601,-1.149585750021653,0,Jamiroquai,Manifest Destiny - Remastered
3.1262833968715573,0.5157328388077391,1,Gustav Holst,St. Paul's Suite : 3. Intermezzo: Andante con moto
-1.2076932220895071,-1.038037278281802,4,Moneybagg Yo,Ion Get You
1.944779173808273,-1.1518682998279066,0,Melodiesinfonie,Morning Glory
-2.0991358195812118,2.003933984168558,3,blackbear,i miss the old u
-0.41273503043032606,1.5554829703571231,2,RJD2,Iced Lightning
0.9024984746975511,-1.2530237566866744,0,Alex Isley,About Him
-0.014734604526409484,-1.0760445687886497,0,Ravyn Lenae,Spice - EP Version
0.16927217238154277,1.3617120953915993,2,Björk,Modern Things
2.884417671156951,-0.5455358913993964,1,Wolfgang Amadeus Mozart,"Mozart, Eine Kleine Nachtmusik K.V.525: Allegro"
-1.9880240239476306,0.9462365466083699,2,Shinedown,Enemies
-1.626579276081809,1.9301442894727268,3,Black Rebel Motorcycle Club,Conscience Killer
1.6969238021913118,-0.667742678756275,0,John Coltrane Quartet,Too Young To Go Steady
-1.7910915851183844,-0.6784905115944745,4,Saba,Stoney
-0.9306686282576982,0.17094134955925183,2,O.C.,Time's Up
-1.0539520681293646,-0.63437675714526,4,L'Indécis,Happy Hours
-1.2697022979792838,-0.19329075016366,4,Bassnectar,West Coast Lo-Fi Rides Again
-1.6215461356203522,1.8750222314179228,3,Rage Against The Machine,Street Fighting Man
2.461100167979328,0.5387956292673027,1,Franz Schubert,Ave Maria
-1.1649596697521374,-0.9803112859164683,4,YG,One Time Comin'
-1.5010006753545944,-0.6609563543814954,4,Gary Allan,Pieces
-0.11900798327791753,-0.18939088739681673,0,Mac Ayres,Show Me
4.862060449919086,0.6453786710969994,1,Olivier Messiaen,La Nativité du Seigneur: 2. Les Bergers
-1.8403474537537472,-0.03677559549547876,4,Die Antwoord,Banana Brain
0.182863571210243,0.2357616529363901,0,Phazz,About Her
-1.391699814250117,-1.3369772878990638,4,OutKast,Elevators (Me & You)
-1.271961353834661,-0.5402109635638322,4,Snoop Dogg,Lodi Dodi (feat. Nancy Fletcher)
-1.510612614916908,0.17535963818262137,2,Black Stone Cherry,Stay
-0.220950256487445,-1.3849187355909338,0,K CAMP,Comfortable
3.5295741737377737,-0.09234510845513048,1,Hugo Wolf,"Wolf: Italienisches Liederbuch: No. 20, ""Mein Liebster singt am Haus"" (Live)"
-0.40047238374280497,-0.378040715899902,0,Cream,Dance The Night Away
1.6616349054176107,0.8337059336203396,0,Thom Yorke,An Audition
-1.6614843434658522,1.4862572981647089,2,Avatar,The Eagle has Landed
-0.7339190984691476,0.24895431552293393,2,T. Rex,Mystic Lady
2.2946230751224945,-0.1698598780485247,1,Roy Hargrove,Starmaker
4.691619144178936,-0.12570358233058776,1,Franz Schubert,"Impromptus, D 899, Op. 90: III. Andante"
2.934611761968669,-0.8494886161062678,1,Ludwig van Beethoven,"Symphony No. 8 in F Major, Op. 93: II. Allegretto scherzando"
-0.45772988916056656,0.5858873779443838,2,X Ambassadors,Baptize Me
-2.1189630261067354,0.4806885188043387,2,Dion Timmer,Because Of You
3.792810717342459,-0.992388112972714,1,Víkingur Ólafsson,For Jóhann
0.6497294139471822,-0.9077218529274841,0,Etta James,Trust In Me
-2.2371634610117153,-0.9442680729906971,4,Nicki Minaj,Rich Sex (feat. Lil Wayne)
-1.3298662284696074,-0.0836895119472113,2,Waka Flocka Flame,No Hands (feat. Roscoe Dash and Wale)
-0.9561069895141844,2.3669095567189116,3,Sum 41,Never There
-1.1703257895568646,-0.20470766194884255,4,Lecrae,I'll Find You
4.822525292005143,-0.13994584395526355,1,Frédéric Chopin,"Waltz in A Minor, Op. 34 No. 2"
-0.6874073473538314,0.6543059410130887,2,Real Estate,Beach Comber
-1.7812646972771147,0.11969982606407034,2,Third Eye Blind,Blinded [When I See You]
4.789285376921003,-0.7305400372211259,1,Harold Budd,Steal Away - 2004 Digital Remaster
-0.8810600802559804,0.5435570679098153,2,Taylor Ray Holbrook,What If (feat. Magnolia Vale)
-0.5976505487011582,0.08786848115214742,2,Alan Jackson,You Can Always Come Home
-1.5790593728990738,-0.5848451326928273,4,Jauz,Gassed Up
2.0531166071936027,-1.0475818497492146,0,Yusef Lateef,The Plum Blossom - Rudy Van Gelder Remaster
-1.6244418956933298,-0.48161575020512626,4,A$AP Mob,Crazy Brazy
2.944282424049539,-0.22899040897621128,1,Vince Guaraldi Trio,Happiness Is
-0.6889629617224524,-0.7945723682883739,4,Baauer,One Touch (feat. AlunaGeorge and Rae Sremmurd)
-0.6341593393369491,0.26299944121888036,2,Twenty One Pilots,Jumpsuit
3.4473339278314006,0.4050983274366723,1,Wolfgang Amadeus Mozart,"Requiem in D Minor, K. 626 (Süssmayr - Dutron 2016 completion): II. Sequentia - Tuba mirum"
-2.496460446644303,-0.09028885493194685,4,Yandel,Encantadora - Remix
-0.05079392787003014,-0.9358352702070283,0,Tim Atlas,Unwind
-2.2853748620252086,1.096173247611318,2,Fitz and The Tantrums,Out Of My League
-1.4346143458901703,0.18205236978332015,2,NF,Motivated
-0.6504319055100894,0.6912462874098586,2,Nipsey Hussle,Young Nigga (feat. Puff Daddy)
0.3799650610644852,-0.7266559505587346,0,Current Joys,A Different Age
-2.142111062915004,-0.6844685487464309,4,Futuristic,Too Easy
0.0027989615994695673,0.26733390380621486,0,Death Cab for Cutie,Marching Bands of Manhattan
-1.2627308486538804,-0.9834209457822657,4,Ski Mask The Slump God,Rambo
-0.24875793919768013,-0.5390447760400372,0,Erykah Badu,Next Lifetime
0.34523071753785795,-0.7727033768855536,0,Aretha Franklin,You're All I Need to Get By - Take 2
-1.382263143598929,-1.241293481956888,4,Zero 7,Simple Science
-0.3712231268874395,-0.8961814758353653,0,Pixies,Gouge Away
2.8152689045776382,0.6956010393156324,1,Michael Haydn,"Missa Tempore Quadragesimae, MH 553: Agnus Dei"
3.1147650497570574,0.16409584080804343,1,Amilcare Ponchielli,"La Gioconda / Act 2: ""Cielo e mar"""
-1.1526450541884476,0.41743563188418276,2,Jeremy Camp,Same Power
4.282793071635532,-0.6561870640632929,1,Pascal Rogé,Noel In Midnight
-1.4544154324195062,-0.6085130065561171,4,Carly Pearce,Everybody Gonna Talk
-0.9076402609199196,-1.5087998435617165,4,XXXTENTACION,"I don’t even speak spanish lol - feat. Rio Santana, Judah, Carlos Andrez"
-1.3850745645422111,-1.3714344654166475,4,Whiskey Myers,Lightning Bugs and Rain
3.109595711362973,-0.152056255170258,1,Antonio Vivaldi,"Orlando Furioso, RV 728, Act II, Scene 11: Cosi potessi anch'io"
3.592843271270528,0.28465095803412954,1,Carl Philipp Emanuel Bach,II. Un poco andante
-2.0468427996667615,-1.503274576914787,4,Smash Mouth,Walkin' On The Sun
-1.3279566138520975,0.29126492758715505,2,Runaway June,Lipstick
-0.4052201644712688,0.32053124666875904,2,J. Cole,Dollar And A Dream III
-2.511455213367617,0.022855050509376716,4,Keith Urban,Even The Stars Fall 4 U
-0.058734543561945934,-0.3309210553151098,0,Randy Travis,Baptism
-1.132520427850992,-0.3357643499877456,4,T. Rex,Planet Queen - Remastered
-0.9369328835843614,-0.6587227893333739,4,Orleans,Still the One
-1.893359920385801,-0.8008461703359903,4,La Unión,Lobo-Hombre En Paris
-0.4084886593394549,-0.3924837389420145,0,Sabrina Claudio,Control
-0.9517859978554216,0.4011997411509147,2,Future,Draco
0.371237119345875,0.5226990188484079,0,Daft Punk,The Son of Flynn - Remixed by Moby
4.411644923336038,-0.7274617277324434,1,Alfred Hill,Lullaby
3.767514579398474,-0.07749327675421154,1,Wolfgang Amadeus Mozart,Mozart : Fantasia in D minor K397
-2.3830266737965005,-0.17469853327147059,4,Bowling For Soup,High School Never Ends - Main Version - Explicit
-2.4248580681009027,-1.706268533779818,4,Deca,The Veil
-2.1434892323909107,1.1438558080214878,2,Hatebreed,Looking Down The Barrel Of Today
4.680653523123008,-0.5113992905132569,1,Federico Mompou,Música Callada III
-0.3923124751348023,-0.49450211228023944,0,Brandon Heath,Faith Hope Love Repeat
-1.8100789288286978,1.1977066519929918,2,Palaye Royale,Ma Chérie (feat. Kellin Quinn)
-0.31329050714949497,1.5055809050828646,2,Radiohead,The Bends
1.9617665511814726,-0.25628397275421105,0,Wolfgang Amadeus Mozart,"Die Zauberflöte, K. 620, Act II Scene 3: Der Hölle Rache (Königin der Nacht)"
0.36962814197646876,-1.133397805333622,0,Cowboy Junkies,Sweet Jane
0.7921185268916539,0.26551775069912914,0,a-ha,Soft Rains of April
-1.7238194110700378,-0.3456140156978648,4,Pop Evil,Trenches
-0.984824289166203,2.500963627778496,3,Lil Wayne,How To Hate
3.254841988634668,0.9217192052328439,1,Richard Skelton,Threads Across the River
0.762195577683353,-0.17142656221496105,0,Layla Zoe,Gemini Heart
-0.6473505448424133,2.9413646972802523,3,Paul Oakenfold,Cafe Del Mar - Radio Edit
3.1286636723098624,0.7300377788611873,1,Martha Argerich,"Sonata in d major Op. 94a for violin and piano, I Moderato"
4.721741348349423,0.5101692573129514,1,Philip Glass,Something She Has to Do
-2.047388784182932,3.0449145835754265,3,Rage Against The Machine,Bullet In The Head
3.27989343621327,0.3219272438189505,1,César Franck,"Sonata for Piano and Violin in A Major, FW 8: I. Allegro ben moderato"
0.7402682415480932,-0.30142658681917445,0,Widespread Panic,Nobody's Loss
4.372887811444958,0.4236078775629708,1,Frederick Delius,Air and Dance
-1.9211435659518779,1.2103066167450485,2,Virtual Riot,Talk About It (Virtual Riot Remix) [feat. Desirée Dawson]
-1.7251716600206668,2.144755300716457,3,The 1975,Milk
4.374306020258105,0.8902795910207448,1,Ludwig van Beethoven,"String Quartet No. 14 in C-Sharp Minor, Op. 131: VI. Adagio quasi un poco andante"
-0.8040412378475194,0.33541167944474676,2,Moby,Like a Motherless Child - Broken Places Remix
3.315306624037295,0.36488349013839766,1,Wolfgang Amadeus Mozart,"Piano Concerto No. 1 in F Major, K. 37: I. Allegro"
0.8333737886798298,0.25103291036034825,0,Deeb,Swiss
-1.6950909255499302,-0.8357393412830489,4,Adam Doleac,Shady
-1.5100193689724606,0.3330602738365428,2,Kill The Noise,Dolphin On Wheels
4.519601918516718,-0.15004953701522722,1,Frédéric Chopin,"Chopin: 3 Mazurkas, Op. 56: No. 1 in B Major"
-1.176075753948419,-0.09545976882975972,2,Seven Lions,Ocean (feat. Jonathan Mendelsohn) - Grant Remix
-2.372382460779027,0.06348833141712174,4,Soil,Breaking Me Down
-0.6409774210006485,0.7087345450394895,2,Underworld,Dirty Epic - Remastered
4.697992059641495,-0.16896379606203568,1,Camille Saint-Saëns,Carnival of the Animals: XIII. Le Cygne (The Swan)
-1.2088393419234533,1.2144922923960808,2,Freddie Gibbs,Palmolive (feat. Pusha T & Killer Mike)
-0.27670292587645273,-0.9112622312865574,0,The Weeknd,"Earned It (Fifty Shades Of Grey) - From The ""Fifty Shades Of Grey"" Soundtrack"
-0.5314936254531283,-0.2730140645622808,0,Aaron Lewis,Country Boy (feat. George Jones & Charlie Daniels)
-0.7543998444096535,-1.36157318545847,4,Owen Campbell,Sunshine Road
-0.3819921106016934,0.03995862731048647,0,Chris Robinson Brotherhood,Dice Game
-1.7808826197247054,0.8503875524866604,2,DaBaby,Beeper
-1.1211617491789172,-0.9520871763571249,4,Wiz Khalifa,Real Rich (feat. Gucci Mane)
-1.443450973123363,-0.6467118193136214,4,EARTHGANG,Missed Calls
-0.5677775350891324,3.471349026832924,3,Snarky Puppy,Shofukan
0.48450880457657325,1.3235463277771895,0,The Black Crowes,She Talks to Angels
-1.7620932546997123,-0.2547533383087788,4,Jordan Rager,One of the Good Ones
-1.7522652834612107,-0.9777142806191333,4,Azealia Banks,Anna Wintour
-0.8626406918206921,-1.7716293265197294,4,The Strokes,Automatic Stop
3.048255942798818,0.16456996565887289,1,Giovanni Battista Sammartini,II. Adagio
2.8702659719258654,0.1181252852263606,1,Giacomo Puccini,"Puccini: Madama Butterfly, Act 2 Scene 1: ""Un bel di vedremo"" (Butterfly)"
4.595719049776789,0.5394958949272568,1,Percy Grainger,Irish Tune from County Derry
-1.7056777642229883,-0.5450462911969666,4,Fabolous,Ooh Yea (feat. Ty Dolla $ign)
-1.5255333867320393,2.4057775063838176,3,Gary Clark Jr.,Shake (feat. Leon Bridges with Jeff Dazey) - Live
-0.6329096250524977,1.3752612480631912,2,Slayer,Raining Blood
-1.5397403053142948,0.12167995551043309,2,Shinedown,Breaking Inside (feat. Lzzy Hale of Halestorm)
-0.1912158750088139,-1.0870895719247549,0,Etta James,Spoonful - Single Version
-1.127066150047654,-0.21913669820262072,4,Sheck Wes,Do That
-1.4286143811093244,0.6547899763913133,2,T-Pain,Best Love Song
-2.182603643150608,-0.23199191517677248,4,Jimmie Allen,Make Me Want To
-1.333624023633502,1.0374876034081137,2,Gucci Mane,Bling Blaww Burr (feat. Young Dolph)
-3.023715177206979,2.496758490013176,3,Big Gigantic,High Life
-1.2816447195199043,2.5754508847237556,3,Dead by April,Losing You
-0.40561904401337073,-0.2428354334600723,0,Real Estate,Had To Hear
-1.6729719535526153,-1.4607568696215634,4,Kid Ink,Cana (feat. 24hrs)
-0.5301105767546787,-0.3021126402667592,0,Arctic Monkeys,Baby I'm Yours
-2.095863089672902,-0.9104895473451048,4,2 LIVE CREW,Me So Horny
-0.9615757709491234,-0.6543925320349666,4,OutKast,Babylon
-1.0518798990993397,-0.6180368528507101,4,Cold California,"You, Me and Country Music"
-1.6793134561898373,-1.0127978038096261,4,Josh Turner,Would You Go With Me
2.564551182186017,-1.6531080101731288,1,Art Tatum,Stay as Sweet as You Are (arr. A. Tatum)
-1.2754386885638895,1.6023011166117371,2,Flatbush Zombies,A Spike Lee Joint (feat. Anthony Flammia)
-0.49117827506472383,0.3719345976834411,2,Freddie Gibbs,Freestyle S**t
0.38242116722793457,-1.0678440610688085,0,Steve Wariner,Holes In The Floor Of Heaven
-1.059891132639173,-0.13949712070089634,2,Fatboy Slim,Love Island
-1.4346143458901703,0.18205236978332015,2,NF,Motivated
4.367950923397828,0.4304516695261095,1,Frederick Delius,American Rhapsody
1.3269975425415517,-0.9397974292276056,0,Aretha Franklin,Bridge over Troubled Water
3.6857428583866665,0.04711129485823835,1,Francis Poulenc,"Improvisations, FP 63: No. 9 in D Major"
-0.8478078472092805,-0.06667990289042017,2,Queens of the Stone Age,Fortress
-1.972513868967442,-0.3141834263742193,4,Weezer,Why Bother?
-0.7712757165891152,0.32947957954142526,2,Chris Brown,Superhuman (feat. Keri Hilson)
5.074358398549515,0.14070687823311945,1,Franz Liszt,Première année: Suisse S.160: II.Au lac de Wallenstadt
-1.412914480838833,0.08899178976677528,2,Catfish and the Bottlemen,Business
-1.453984498133756,-1.4687578491671875,4,Depeche Mode,Just Can't Get Enough - 2006 Remastered Version
-1.8009484778058304,-1.0227146514858971,4,Collin Raye,My Kind of Girl
0.2751956925760464,0.6143676716815831,0,Jean Michael,Weed & Memories
3.4611617915934962,0.7531766488400721,1,Jóhann Jóhannsson,"Good Night, Day"
1.606581085977882,0.27816034542161205,0,Andrea Bocelli,The Christmas Song
-2.235972210861207,1.3721343178339498,2,Wolfmother,City Lights
0.07224718765194335,-0.7344651959110892,0,Shoffy,Let Go Today
-1.473467120137617,-0.05970100193656843,2,Playboi Carti,Foreign
-1.7168972536636538,0.6290810488316614,2,Kodak Black,Unexplainable
0.4953512656918407,-0.6296644765212387,0,Dave Brubeck,I'm in a Dancing Mood
0.01871319931709221,0.21326991915025809,0,Greta Van Fleet,Age Of Man
3.6516526927600594,-0.2684319192139672,1,Larry Young,The Cradle: The Cradle
-0.4801822787717978,-0.29274051085117975,0,TV On The Radio,Young Liars
-1.633628181036702,-0.4124296250904994,4,A-Trak,DJs Gotta Dance More
-1.5478856414166253,-0.9146942952884796,4,Future,I'm so Groovy
0.395015260360835,-1.172305437028396,0,Paul Hardcastle,Easy Street
-1.7118294549702147,-1.2365065069423495,4,Joe Bonamassa,Evil Mama
-2.412208491481513,-0.11157661910124711,4,Coheed and Cambria,The Suffering
-2.026287050498305,0.137403836047096,2,Cartel De Santa,El Arte del Engaño
0.5619273264480129,0.03872507175941157,0,Broken Social Scene,Lover's Spit
3.7973319361553597,0.022727434165355144,1,Gustav Mahler,"Symphony No. 3, Part II: No. 2. Tempo di Menuetto. Sehr mäßig"
2.7721411794906556,-0.31365821628986823,1,Howard Shore,Concerning Hobbits
-0.7577096053287277,0.3699113014592561,2,Tom MacDonald,American Dreamz
-0.9236587863088503,-0.4155686644438496,4,BROCKHAMPTON,STAINS
-1.6597607058814816,0.5315464076052283,2,Duncan Sheik,Barely Breathing
-0.4318076917411981,-1.0580652480919468,4,The Marshall Tucker Band,Southern Woman
-2.99500835396564,-0.6597342855290668,4,Rico Nasty,Rage
-1.3414010243088514,-2.1782704488027957,4,Daryl Hall & John Oates,Kiss on My List
-2.565179362136886,-0.4601978687228303,4,Vigiland,Never Going Home
-1.522512719733117,3.0805130371779375,3,Big Brother & The Holding Company,Combination of the Two
-2.537251072233348,-0.05089802178106886,4,Rodney Atkins,About The South
-0.6970324209394388,-0.7857398946238521,4,AFI,Prelude 12/21
2.024618000591834,-0.14464001313302777,1,Damien Rice,Delicate
-2.3254060897437765,0.7365540085496887,2,JPEGMAFIA,Real Nega
1.117616453175239,0.819315233048779,0,Jim Capaldi,Old Photographs
0.2433457002264051,-0.3831248973598681,0,Styx,Fooling Yourself (The Angry Young Man)
-0.5733099807808509,1.1033683739525137,2,Jimi Hendrix,Stop - Live at the Fillmore East
2.5097594338343465,-0.8620312723331544,1,Johann Sebastian Bach,"Suites for Cello, Suite No. 1 in G Major BWV 1007: Gigue"
3.3877299594232873,0.32843576965462695,1,Pyotr Ilyich Tchaikovsky,"Souvenir d'un lieu cher, Op. 42, TH 116: III. Mélodie"
-0.5643588465025527,-0.9704682237803874,4,Russ,Family & Friends
2.4829501627920325,-1.0236369599236819,1,Art Pepper,You Go To My Head
2.4361421181332665,-0.008494124016824391,1,Portico Quartet,Knee-Deep in the North Sea
3.354576563313984,-0.6752746554001545,1,Johann Strauss II,Le Beau Danube (The Blue/Beautiful Danube)
4.527445319583978,-0.675870857093422,1,Johann Sebastian Bach,"Gottes Zeit ist die allerbeste Zeit, Sonatina az ""Actus tragicus""-ból, BWV 106"
-0.43484011554254787,1.8298272373868247,3,Temple Of The Dog,Say Hello 2 Heaven
-0.5565158234142403,-1.5373023388422422,4,The Budos Band,Aynotchesh Yererfu
-0.8087955254732032,1.4185059569625473,2,Midland,The Gator Boys - iHeart Radio Live
4.525274540019985,0.5649253644629987,1,Sergei Rachmaninoff,"Vocalise, Op. 34, No. 14 (Arr. for Cello and Piano)"
-0.5078068204177603,-0.7987466637280383,4,Tangerine Dream,One Night in Space
-1.2164694753758842,0.521694545896442,2,T-Pain,Keep This from Me
-1.2044086987788314,-0.19134412997789704,4,Lil Peep,Absolute in Doubt
-1.3797999280279853,-0.5413170430836666,4,Logan Mize,Somebody to Thank
0.5960790832704785,-0.7268023036936535,0,Akira Kosemura,South Wind
0.05589301604624625,0.055739108693759455,0,Spirit,Like A Rolling Stone
3.618099211398347,-0.4233073081989843,1,Johann Sebastian Bach,"Suite No. 5 in C Minor, BWV 1011: V. Gavotte & VI. Gavotte"
1.207093261709788,-0.07492614804352042,0,Led Zeppelin,The Rain Song - Remastered
0.5792417348925882,0.2378361043028689,0,Andrea Bocelli,La luna che non c'e
-0.08991626498366269,0.7355635450223481,2,Ty Segall,Finger
2.1653084579861956,-0.7271742788632581,1,Elizabeth Cotten,Freight train
0.371637761085126,0.6106274699989832,0,Randy Travis,I Won't Need You Anymore
-0.526415965326791,0.5087072408220521,2,A$AP Rocky,Jukebox Joints
-1.8998632670270572,-1.0435042772589107,4,Justin Moore,Point At You
-1.378786843077764,-0.547581464700361,4,Jake Owen,Drivin' All Night
-0.8665607378390962,-1.0047121309213682,4,Rich Brian,Flight
4.484801073204666,-0.5673476056891598,1,Carl Philipp Emanuel Bach,"Andante con tenerezza, H. 135, Wq. 65/32"
-0.0661035353859856,-0.583112820222402,0,The Neighbourhood,Daddy Issues
-0.2946081392175919,-1.0481727964641567,0,Robin Trower,Coming Closer to the Day
-2.0548778844249243,-0.7209496785430688,4,The Whispers,It's a Love Thing
-0.661420080929629,1.36520411453847,2,Joe Bonamassa,Redemption
2.485330166378611,0.00372677552843344,1,Wolfgang Amadeus Mozart,"Symphony No.29 In A, K.201: 1. Allegro moderato - Live"
-1.753037651082039,-0.1029454063485791,4,Rawtek,Zuri
-0.9250419292767054,-0.23384330089719704,4,Young Thug,Webbie (feat. Duke)
0.12559217062452213,-0.4946935772480263,0,Clint Black,Put Yourself In My Shoes
4.909751961573381,0.17693837336802629,1,Eric Whitacre,Five Hebrew Love Songs: Temuná (A Picture)
1.4693761039071687,-0.25324428121651243,0,Stan Getz,Vivo Sonhando
4.249672566452036,0.4432332210995416,1,Philip Glass,Mad Rush
0.5220122332007134,0.9604594330120353,0,Moderat,No. 22
3.5083800586242497,-0.6546290492365291,1,John Dowland,Lute Music - England: Melancholy Galliard
2.3131651310454315,-1.3238008433518986,1,Chet Baker,Summertime
-0.9206035876406284,-0.092416479162918,2,Billy Currington,Must Be Doin' Somethin' Right
-1.722561942834693,0.9617419287859799,2,Skillet,The Last Night
2.774846725773087,-0.5950498042061585,1,George Frideric Handel,"Messiah, HWV 56, Pt. II: No. 44, Chorus ""Hallelujah"""
-1.660318206894481,-0.2906776236116132,4,Ty March.,Mr. Right Now
0.2548509937964833,-0.08646401906008704,0,Anderson East,All On My Mind - Acoustic
-0.8569315852062326,-0.019009150944200356,2,Zeds Dead,Neck And Neck - DNMO Remix
-1.7217789464470674,0.6758140976425354,2,Dirt Monkey,No Escape
-1.6872681343249532,0.09465245178993727,2,Galactic,Sugar Doosie
-0.2199427956006181,-0.8479617594207486,0,The White Stripes,"Apple Blossom - From ""The Hateful Eight"" Soundtrack"
4.524165706123733,-0.09317366706175646,1,Franz Liszt,"Ständchen in D Minor (After Schubert), S. 560"
2.9624752831258703,2.7611203341244055,1,Bill Evans Trio,Minha (All Mine) - Live
-1.2595317379317261,2.4987967856566518,3,G-Eazy,Opportunity Cost
0.06231785668660517,0.34005086793114575,0,The Afters,Well Done
1.6191467631349237,-0.1895977140170694,0,Jon Hopkins,Lost In Thought
-1.085775395817105,-1.4244651939497828,4,Creedence Clearwater Revival,Susie Q
1.7700929823621028,-1.3418166280793264,0,B0nds,smoke n mirrors
-2.2445777130181024,0.41576695684483994,2,Tisoki,Everybody Know Me
-2.023568358044357,0.7526359349277756,2,Good Charlotte,The River
3.7434422115388295,-0.13610750274823377,1,Ron Carter,Light Blue
-0.039328644450436094,-1.3206697613438576,0,Wilco,If I Ever Was a Child
0.5722356018279111,-1.1797007649926963,0,Cantoma,Cosmopole
2.038970373699328,-1.5689728363161648,0,Johann Sebastian Bach,"Partita for Violin Solo No.2 in D Minor, BWV 1004: 2. Courante (Arr. for Mandolin by Avi Avital)"
3.435880010780406,0.2055034838055541,1,Richard Strauss,Till Eulenspiegel einmal anders!
4.3577720141563745,0.4050405636533654,1,Eleni Karaindrou,Je ne me consolerai jamais
-0.5304448411992381,-1.6296702847058426,4,Hot Chip,Look At Where We Are
1.0848147274902855,-1.5685888614388128,0,Johann Sebastian Bach,"Erster Teil - Jauchzet, Frohlocket, Auf, Preiset Die Tage: Aria (Bass) - Großer Herr, O Starker König (Bach)"
1.6630124404822202,-0.6974273994807375,0,The Neighbourhood,Sweater Weather - Spotify Sessions Curated by Jim Eno
-1.2803909791251975,2.1699273041312117,3,Jimmy Durante,Real Piano Player - Remastered
-0.910045566796857,0.8139397418460559,2,The Prodigy,One Love (Edit) [Remastered]
4.249585115092948,-0.2707621986709626,1,Frédéric Chopin,"Chopin: Mazurka in A Minor, Op. 17 No. 4"
1.0654025857420508,-0.1933263880554165,0,Jimmy Durante,Look Ahead Little Girl
2.4295374992030356,-2.0065524388770863,1,Pyotr Ilyich Tchaikovsky,The Sleeping Beaty: Bluebird Pas de Deux: Variation II
-1.3504841205587137,3.421168657649531,3,A Perfect Circle,Delicious
-0.5719517852537817,-0.5592775623960305,4,Gramatik,Just Chillin'
-1.1635127988263425,-0.8687366682220304,4,White Zombie,More Human Than Human
4.083285123468917,-0.060472334251133,1,André Laplante,Une Barque Sur L'océan from Miroirs
-1.3103375049518577,-1.3625260929254184,4,Aim,Ain't Got Time to Waste
-1.2440416403537808,0.09609938643215388,2,24hrs,Fitness (feat. Wiz Khalifa)
-2.046218039915489,-0.5926718806664203,4,Frank Ocean,Lost
-0.13985409450154138,-0.9072542506371424,0,Roy Ayers,Papa Was A Rolling Stone
-0.7293662564323641,1.2462442144608863,2,Aphex Twin,Come To Daddy (Pappy Mix)
3.0648359442671436,-1.1746072509525871,1,Johann Sebastian Bach,"Sonata for Flute or Violin No.4 in C, BWV 1033: 1. Andante - Presto"
2.7867256613722238,1.056128602923607,1,Ludwig van Beethoven,"Symphony No. 7 in A Major, Op. 92: I. Poco sostenuto - Vivace"
-0.15868366659866917,0.7962422524074565,2,Oliver Tree,Cheapskate
-1.7662403723287958,-1.1900112861650622,4,Carrie Underwood,Southbound
3.2240581057055535,2.087451096560699,1,Sergei Prokofiev,"Romeo & Juliet: Act I, Scene XIII, Dance of the Knights"
-0.9912970872339669,-0.9361982547156122,4,AK420,Sunday Morning
-1.4693191174279878,0.12904669301030627,2,Bas,Tribe (with J. Cole)
2.6452257512701602,0.3711577438220442,1,Antonio Vivaldi,"Concerto in G Major, Op. 4, No. 12: II. Largo"
1.160107923646347,-0.2827515269883729,0,Little Texas,What Might Have Been
3.2932944478647688,1.9493414550276753,1,Manuel de Falla,"La vida breve, Act II: Danza española No. 2"
0.4491984732538425,-0.5808775971662605,0,Raveena,Still Dreaming
-1.6532291879496894,-0.8318009070928304,4,Ben Rector,Drive
2.9878455217112836,-0.28350502397115535,1,Wolfgang Amadeus Mozart,Eine kleine Nachtmusik: Andante
0.18812729384603277,1.587736400659927,2,Jean-Michel Jarre,"Equinoxe, Pt. 7"
-1.8917134561274722,-0.5863077545777297,4,Bear Grillz,TOO LOUD
3.289272986626769,1.1097864247992955,1,Johannes Brahms,"Violin Sonata No. 3 in D Minor, Op. 108: II. Adagio"
-0.38003621453066855,-0.8984707040283729,0,Snarky Puppy,Tarova
3.3268458709844118,0.32649066068582977,1,Johann Sebastian Bach,"St. Matthew Passion, BWV 244, Pt. 1: No. 20, Ich will bei meinem Jesu wachen - So schlafen unsre Sünden ein"
-1.127066150047654,-0.21913669820262072,4,Sheck Wes,Do That
-1.5959893654967876,0.4626127377640446,2,JID,Mounted Up
-0.2789538433202261,-0.8095461863589647,0,Pure Prairie League,Let Me Love You Tonight
-1.2636394413721863,-0.49144190555527006,4,$uicideBoy$,Sunshine
-1.6194378402363958,0.9796833400140016,2,Jauz,Say Never
-0.18049467764515642,0.18374212065677098,0,Seven Lions,The Sirens
2.4658435503324796,0.0004058664401376796,1,Fugazi,I'm So Tired
0.8664287889407009,-0.687270308500299,0,James Tillman,Shangri La
0.17242492226019268,-1.1642464028022539,0,J.J. Cale,City Girls
-0.0395979234926792,0.1688697310544614,0,The Weeknd,Professional
-1.0325064573433171,-1.1031702105201182,4,Faith Hill,Mississippi Girl - Remastered Version
2.5183173127217136,-0.34322913980201886,1,Wolfgang Amadeus Mozart,"Violin Concerto No. 3 in G major, K. 216: Violin Concerto No. 3 in G major, K. 216: I. Allegro"
3.237577201796283,-1.0954715896601401,1,Natureboy Flako,Nebulous Garden
-0.8804673455492872,0.9510338209972564,2,Zeds Dead,Slow Down
-0.8389178230946092,0.6496602019433736,2,David Bowie,Ziggy Stardust - 2012 Remastered Version
-1.1453716083146213,1.1611015795795259,2,Red,Let It Burn
-0.6929459914587984,-1.9645799740633805,4,George Benson,Give Me the Night
-0.7081678816578606,-1.5906342697603835,4,Little Dragon,Constant Surprises
-0.9928354036715226,1.3645268590911963,2,Chris Young,Sober Saturday Night (feat. Vince Gill)
2.2588230616305682,-0.7323659363438243,1,Antonio Vivaldi,"Concerto for 2 Trumpets in C Major, RV 537 (Arr. by R. Leppard): I. Allegro"
4.273574622518878,-0.13291501759418728,1,Francis Poulenc,"Nocturne in Eb Major, FP. 56 No. 7"
-0.667966700633073,0.6032275875425243,2,Sturgill Simpson,All Around You
-1.3655703439330171,0.93899898523152,2,Evanescence,Weight Of The World
0.9487551473962428,-0.9977186601792961,0,Tony Bennett,Winter Wonderland
-1.5184337874036338,1.153493407966398,2,We The Kings,"Check Yes, Juliet"
-2.249110546672246,0.933225718477824,2,The Kooks,Always Where I Need To Be
-0.13332656455376807,0.38539268533320836,0,Wishbone Ash,Blowin' Free
-1.8149745598092735,-0.028972559103636497,4,Sheck Wes,Kyrie
-0.9301184008557811,0.08416805031482323,2,YBN Cordae,Make Me Feel
-0.13369110847661594,-0.9559623347885875,0,DJ Shadow,Broken Levee Blues
-1.0240794157954936,1.2180073199622048,2,A Perfect Circle,The Doomed
-1.0240794157954936,1.2180073199622048,2,A Perfect Circle,The Doomed
-1.6318709420842346,-0.3791374145583634,4,CalenRaps,Think About Me
-2.087879074581381,2.635434914223671,3,Bassnectar,Sideways (feat. Zion I)
4.334569219169165,1.0350192249163934,1,Claude Debussy,Prelude to the Afternoon of a Faun
-1.04671645222422,-0.22944040673035676,4,$uicideBoy$,My Flaws Burn Through My Skin Like Demonic Flames from Hell
-2.1336497626939495,-0.1622630711617678,4,Casey Donahew,Country Song
-0.04208050125921309,0.7214601181261265,2,MISSIO,West Coast
-0.9970458752392388,-0.46808599158182707,4,The Steel Woods,Let the Rain Come Down
-0.9899630429954408,-1.1598897121486842,4,Gorillaz,O Green World
1.3841872755342501,0.35366788290250856,0,Kina,Get You The Moon (feat. Snøw)
-2.2078043211404133,1.1562189415548316,2,LMFAO,Sorry For Party Rocking
2.558067890711581,0.6053574185877634,1,Tan Dun,Hero: Overture
-1.536320372043352,0.4940976131527033,2,Metric,Help I'm Alive
0.7658661190967925,-0.8760216996833008,0,Waylon Jennings,The Wurlitzer Prize (I Don't Want to Get Over You)
-0.3133127004958588,-1.3668635277813375,0,eli.,i’m sad
0.22933121606684298,-0.8980014639523257,0,Glass Animals,Black Mambo
-1.8358270691601317,-1.0047576859451621,4,Logan Mize,Used Up
-1.4539202757898755,-0.9991378756493099,4,Smooky MarGielaa,"Stay ""100"""
2.879299248932626,-0.46059681028063393,1,Trio X of Sweden,Atonement
0.18556782028129806,-1.5545340652041357,0,Mose Allison,The Seventh Son
-1.8301152362810889,0.7035961919727886,2,Skillet,Forsaken
-1.8632213824049217,-1.6165718185905646,4,Luke Bryan,Love In A College Town
-1.4665042808021425,-0.2547902309529098,4,Ricky Remedy,Did It (feat. Sonny Digital)
2.8857466520511115,-0.4922233215125922,1,Frédéric Chopin,"Tarantelle in A Flat Major, Op. 43"
-1.2082029006312127,-0.7423570207752956,4,The Strokes,Threat of Joy
-1.0381678750895686,3.8528542825510157,3,The Prodigy,Mescaline
-1.076740120759694,1.0096988811661645,2,Little Big Town,Boondocks
-0.8059984321718215,0.687026423732167,2,Jimi Hendrix,Room Full of Mirrors
-0.40024699660836205,0.19484870959554865,2,Martina McBride,I'm Gonna Love You Through It
-2.4850459251811245,-1.3751497010826221,4,Max Frost,White Lies
-1.1757851410023261,1.9582781221056167,3,Whitney,Golden Days
3.5087325106139193,-0.5233471892726154,1,Fernando Sor,"Voyons si c'est ca - 6 Pieces, Op. 45: No. 5. Andante"
-1.0322042349082443,0.9647790195709252,2,Bullet For My Valentine,All These Things I Hate (Revolve Around Me)
-0.5073800758064315,0.015915662369296407,2,Melendi,Destino o casualidad
-1.7539921848965427,1.7572117915947234,3,The Black Angels,Telephone
0.8216901177222276,-0.5362128478343274,0,Kacey Musgraves,It Is What It Is
-1.6098468891967368,3.9597636724796224,3,Eric Clapton,Had to Cry Today - Live from Madison Square Garden
-0.23419999633154426,-0.3680324081031167,0,Hollyn,isn't it harmless?
-1.8484923442528187,-1.0724959921702237,4,Jason Aldean,Comin' In Hot
0.031145453080274443,-0.045778234213851736,0,Jillian Jacqueline,Reasons (Recorded At Sound Stage Nashville)
3.4920918842009674,0.8138720287810401,1,Howard Shore,The Caverns Of Isengard
-1.864078578641562,-0.28268665323012643,4,Young Thug,Tsunami
-0.02968549548832502,-0.8095222496917349,0,The Orb,Doughnuts Forever
1.422184945545217,2.7617533923597204,3,Giuseppe Verdi,"Falstaff, Act II Pt. 2: Presenteremo un bill (Live)"
-0.4340655297588463,-0.14233257506460786,0,Smino,SPINZ
-1.5687625410489117,-0.09281311288582192,4,Mike WiLL Made-It,"The Mantra - From ""Creed II: The Album"""
-0.842070687361593,-1.182414842707701,4,flor,back again
-2.3618031424084918,2.856335541319134,3,SVDDEN DEATH,Take Ya Head off Vip
-0.8976802960181931,-1.0306760832507662,4,Lucinda Williams,Car Wheels On A Gravel Road
-1.408774262167414,-0.3851777798530213,4,Led Zeppelin,D'yer Mak'er
-1.1792463251821286,-0.2879727648758918,4,Queen,Now I'm Here - Remastered 2011
-0.46529734789768135,2.5388221323121707,3,Washed Out,It All Feels Right
-0.3592092186324511,-0.3963238033270748,0,A$AP Rocky,"Black Tux, White Collar"
-1.4600316277235834,0.4432585839450905,2,TobyMac,City On Our Knees
-1.990891517879501,-1.2864543460881797,4,Missy Elliott,Work It
-1.1481357092333888,-0.07558606491405843,2,Alex Clare,Too Close
0.02183677518278812,0.6176724269485335,0,Anders Osborne,I'm Ready
-1.4838137109681893,0.40682444529725886,2,Brad Paisley,Country Nation
1.246130400215018,-0.5851052315942042,0,Arzachel,Queen St. Gang
0.44422207505786737,-0.30969656361506404,0,Suicide,Surrender
-0.33376930001114496,0.805141563651174,2,Kai Wachi,DEMONS
-1.1154885309570304,2.7855188294209716,3,Stooki Sound,Uppers - QUIX Remix
-1.6327377176824558,0.09291435519687402,2,Easton Corbin,Lovin' You Is Fun
0.1123393759599384,1.117784576219436,2,Desmond Cheese,Boo Ha 'yeah Yeah Yeah Yeah Yeah'
-1.5310334092095277,-0.6154970955047043,4,Lil Uzi Vert,All My Chains
3.0071883604635596,0.941683719331029,1,Howard Shore,The Lighting Of The Beacons
-0.49013840947898935,-0.7402165698699407,4,Jason Aldean,Church Pew or Bar Stool
-0.5022170905030232,-1.9226939513282262,4,Thundercat,Them Changes
0.3869972956974784,0.9887641367178197,0,BADBADNOTGOOD,Hedron
-1.9858305372498966,-0.5582128437249702,4,Migos,T-Shirt
-1.0796101498122723,-1.209129692251713,4,Kid Ink,Show Me (feat. Chris Brown)
-0.2870521154537022,-0.25651303917285784,0,Tame Impala,Elephant
-1.1606627155587588,0.36098393039713333,2,Thievery Corporation,Music to Make You Stagger
3.0428043482085947,0.452398286093137,1,Claudio Monteverdi,Sestina (Lagrime D'Amante Al Sepolcro Dell'Amata): III. Dara la notte il sol
-1.5063927519604519,0.16218164864146792,2,Eric Church,What I Almost Was
-1.4410706240305478,0.18903246046149888,2,Shoreline Mafia,Nun Major
0.5615097808645704,-1.4065078251863121,0,Akira Ifukube,GODZILLA TITLE / [GODZILLA]
-0.07913459325337598,-0.7460099910369586,0,DROELOE,Many Words - Flaws x DROELOE Remix
0.5101100963007789,0.6871706762879581,0,Casting Crowns,Oh My Soul
-1.14640450847944,0.7287298812411327,2,graves,Meta
2.6351866160579736,-0.07533093202046659,1,Joachim Kühn,Love and Peace
5.116052868065112,0.11823174715645828,1,Alexander Scriabin,"Piano Concerto In F Sharp Minor, Op.20: 2. Andante"
-1.1281607956738628,-0.17325981344922153,4,Brothers Osborne,Pushing Up Daisies (Love Alive)
-0.9616940201707072,-0.3834130858941982,4,Offset,Tats On My Face
-1.2738152082077367,-1.4541194618773519,4,Alexis y Fido,Una En Un Millón
-1.1588647264622582,-1.8288377486224539,4,Aventura,Su Veneno
-0.8385912995560475,0.31601224219771945,2,Soundgarden,The Day I Tried To Live
-1.093055006281821,-0.3728650338002056,4,Jordan Feliz,Witness
-0.42453473368324085,1.4086952899206953,2,Justin Timberlake,Pusher Love Girl
4.312857206834036,1.314296767785194,1,Tan Dun,The Eternal Vow
-0.7799348261407253,-1.2504630295816634,4,KILLY,No Sad No Bad
-1.5884333690412331,-0.44817499262860516,4,Goodbye June,Secrets In The Sunset
-1.8205402996115398,1.2727271414840462,2,Royal Tusk,Aftermath
4.401835595277595,-0.027443347085862733,1,Howard Shore,The Globe Newsroom
-0.326694698598646,-0.5245270145670186,0,Moby,This Wild Darkness - Luttrell Remix
0.14919562819158058,0.49821878449916984,0,Sugarland,Keep You
1.1487663370541308,-0.9059403439220538,0,BADBADNOTGOOD,Stark's Reality
3.5291344554601736,0.27731941648287495,1,Pyotr Ilyich Tchaikovsky,"Symphony No. 5 in E Minor, Op. 64: IV. Andante maestoso – Allegro vivace"
0.8053496372650977,-0.0704349764523428,0,Brian Culbertson,Desire
-1.3002042571243284,-0.6687003664826052,4,Lemon Jelly,Nice Weather for Ducks
-0.045436385248236295,0.17575276398999623,0,Rascal Flatts,To Make Her Love Me
-0.4377320513082791,-0.6033570441126636,0,The Allman Brothers Band,Soulshine
-1.601892370140907,1.3809356797242895,2,YBN Cordae,Have Mercy
-0.7444314173011393,-0.08229613750039246,2,J. Roddy Walston & The Business,Burn Black
0.5853784367821506,0.6747527236665974,0,Blues Saraceno,The Wicked
-0.48184548781311165,-0.934944720546029,4,Rick Braun,Missing In Venice
3.278810297586324,2.200398287804206,1,Jónsi,Boy 1904
3.5692525893723404,-0.15140181953021323,1,Gustavo Santaolalla,Riding Horses
-0.002674630069907337,-0.2375471190170239,0,Craig Campbell,When Ends Don't Meet
-2.4960574366393855,0.4681769641427972,2,SVDDEN DEATH,Gates Of Hell
-0.8272945069197325,-0.45953831932418276,4,Anthrax,Indians
3.9754513495367916,0.20630630435640984,1,Giovanni Pierluigi da Palestrina,Sicut cervus
-2.588398118615253,-0.3380155409573689,4,Mac Miller,"O.K. (feat. Tyler, The Creator) [Bonus Track]"
4.209755999538028,0.5756714698262102,1,Jóhann Jóhannsson,Flight From The City
3.8436735449553985,-0.34334487915592926,1,Brad Mehldau Trio,Where Do You Start
-0.5365297137220951,0.8892269120357396,2,Incubus,Wish You Were Here
-2.274583701342615,-0.5093760749663588,4,Joey Trap,Miss Puff
-1.833020389801465,-1.2660594695151839,4,Danny Ocean,Epa Wei
-0.4715850971817263,-0.7592846021122169,4,Kenton Bryant,Following My Broken Heart
-0.8934840628683042,-0.05685855733695684,2,Action Bronson,Bonzai/Terry - Recorded at Spotify Studios NYC
-1.742129697896791,1.0958944643409534,2,Jordan Comolli,Over You
2.753101699730953,0.0359228349746048,1,Lynne Arriale Trio,Feeling good
2.5547075688655445,0.9944308351081632,1,Giacomo Puccini,"Manon Lescaut / Act 2: ""In quelle trine morbide"""
-0.7348160027482936,4.622444980599791,3,Wynton Marsalis,Layla
-2.1094348944992802,3.6686384318841347,3,Nipsey Hussle,Loaded Bases (feat. CeeLo Green)
0.6930683014357439,-1.482309380660361,0,Marty Robbins,Mr. Shorty
1.8065866352277233,1.7976831766600947,1,Funkadelic,Maggot Brain
-1.0147855847239595,-2.275769518116725,4,Allen Toussaint,Worldwide - Remastered Version
-1.1696259599791543,0.02162234282408038,2,Jason Isbell and the 400 Unit,Hope the High Road
-1.4504797773660576,0.9943032595895935,2,Paul Gilbert,Fuzz Universe
4.598896290808023,1.5023402112448045,1,Harold Budd,Late October - 2005 Digital Remaster
-0.39792083430124364,0.568063646387147,2,Muse,Resistance
-1.9835177399600459,0.059504751756805245,2,Limp Bizkit,N 2 Gether Now
4.0656892704663115,0.16638938092610053,1,Ludwig van Beethoven,Fur Elise
-1.8299516273210437,0.05157559936170904,2,Say My Name,Ooh
-0.18949623127983617,-0.1996067063044883,0,Billy Currington,Let Me Down Easy
0.8040207971584257,0.01757711260278235,0,6LACK,Sorry
-1.7174666205254008,-1.369194865969685,4,Yeah Yeah Yeahs,Heads Will Roll - A-Trak Remix
-0.3922962658428647,0.6832581846953842,2,Kelsea Ballerini,I Hate Love Songs
-2.342892406213895,-0.35623277641139245,4,Kevin Gates,Satellites (feat. Wiz Khalifa) - HPG Remix
-1.583934665554039,-0.4681508683400087,4,NAV,Know Me
-0.8496572951462015,-0.09787267501264742,2,Newsboys,Greatness Of Our God
0.042469084918559344,-0.810096742790533,0,Tedeschi Trucks Band,Hear Me
2.6478958962097052,-0.7319680233273204,1,Gerry Mulligan,Lullaby Of The Leaves - 1998 Digital Remaster
-1.2278952007319845,-0.040445418827039115,2,DREAMERS,Painkiller
3.3380777929264673,-0.15218384951363692,1,Bohuslav Martinů,"Cello Concerto No. 1, H. 196: III. Allegro"
-1.4287617818221379,-0.31937646904201955,4,Bobaflex,Bury Me With My Guns
-0.20212635248880342,-1.8865470319923439,0,Joshua Redman,Jazz Crimes
0.4867550708316436,1.3494995796429718,0,Derek & The Dominos,Key To The Highway - 40th Anniversary Version / 2010 Remastered
-0.9572442633849849,0.22486867578471678,2,Black Rebel Motorcycle Club,Love Burns
-1.8653205754679112,1.6107305706386674,2,Lil Wayne,La La
-0.30761530573456397,0.42762120509100304,2,George Duke,Born to Love You
2.6019793371568953,0.8310254618645849,1,Arcangelo Corelli,"Sonata in D Major, No. 1: I. Grave - Allegro"
1.9480256372475675,-0.5926535305619998,0,Little Dragon,Butterflies
0.23483805680447717,-1.1058960821867458,0,Ulrich Schnauss,Nothing Happens In June
-1.2943378640964118,0.48630154892186195,2,Yung Pinch,Nightmares (feat. Lil Skies)
-1.2891407320492727,-1.006082456139289,4,Flying Lotus,Comet Course
-0.08374323074520111,-1.1910085552920577,0,Ray Charles,Greenbacks - 2016 Mono Remaster
-1.0827376635893402,-0.23213138643109518,4,Shovels & Rope,C'mon Utah!
-0.8960481554214105,-1.2138092639251432,4,Rebirth Brass Band,I Feel Like Funkin' It Up - Extended Mix
0.042604495395894525,-0.8289087178582923,0,Joe Satriani,I Believe
-0.791678510192123,-0.30775730349442554,4,Julián Argüelles,Mra Khali
-1.3351278682484886,-1.1847552199674325,4,Montgomery Gentry,Needing A Beer
-1.643243780879948,0.0264868461591045,2,Vice,Make Up (feat. Ava Max) - MOTi Remix
-2.406092169451298,-0.349727924362669,4,Borgore,Squad (feat. Dahn Farro)
-0.5684805061816792,-0.18359835313310693,2,Kill The Noise,Dying (feat. Ultraviolet Sound & Emily Hudson)
-1.1471318308606944,-0.08964496915865108,2,Dreezy,Love Someone (feat. Jacquees)
-1.0537208915826357,0.7078151635193239,2,Curren$y,How High (feat. Lloyd)
-1.3458152860457644,-0.7712654054967788,4,Joe Cocker,You Can Leave Your Hat On
0.3686329689223535,-1.4250189948613257,0,Gregory Porter,In Fashion
0.8909475615401632,-1.1174669829268031,0,Aretha Franklin,It Ain't Fair
-1.4137499423073754,0.7138381505911181,2,P.O.D.,Youth of the Nation
-0.8031994084131916,-0.3846997217686432,4,Post Malone,Better Now
-0.2878554644154279,-0.6572740520924746,0,Mark Wills,Back At One
-2.632200309495167,-1.4716008518174157,4,Sikdope,Lost in the Blue (BROHUG Remix) [feat. Nevve]
-1.4392529415073365,0.5520843416820238,2,Ray Volpe,By Your Side
-1.8669764524311592,0.3582694173868163,2,Black Veil Brides,Knives and Pens
-0.18257356627390303,0.4112433523287716,2,The Flying Burrito Brothers,Hot Burrito #1
